espece,sexe,longueur_nageoire_mm,masse_g
Chinstrap,male,210,4800
Adelie,male,184,4650
Adelie,male,190,4600
Chinstrap,male,205,4550
Chinstrap,male,205,4500
Adelie,male,199,4475
Chinstrap,male,201,4450
Adelie,male,186,4450
Adelie,male,196,4400
Chinstrap,male,195,4400
Adelie,male,196,4350
Chinstrap,male,212,4300
Adelie,male,208,4300
Adelie,male,205,4300
Chinstrap,male,201,4300
Adelie,male,193,4250
Adelie,male,190,4250
Chinstrap,male,197,4150
Adelie,male,196,4150
Chinstrap,female,195,4150
Adelie,male,191,4150
Chinstrap,male,210,4100
Chinstrap,male,203,4100
Adelie,male,192,4100
Chinstrap,male,203,4050
Chinstrap,male,203,4050
Chinstrap,male,201,4050
Chinstrap,male,201,4050
